<annotation>
	<folder>rgb</folder>
	<filename>10.jpg</filename>
	<path>/home/mxy/paddlepaddle/detect/data/No_Entry/rgb/10.jpg</path>
	<source>
		<database>Unknown</database>
	</source>
	<size>
		<width>71</width>
		<height>70</height>
		<depth>3</depth>
	</size>
	<segmented>0</segmented>
	<object>
		<name>no_entry</name>
		<pose>Unspecified</pose>
		<truncated>0</truncated>
		<difficult>0</difficult>
		<bndbox>
			<xmin>4</xmin>
			<ymin>4</ymin>
			<xmax>65</xmax>
			<ymax>65</ymax>
		</bndbox>
	</object>
</annotation>
