<annotation>
	<folder>rgb</folder>
	<filename>13.jpg</filename>
	<path>/home/mxy/paddlepaddle/detect/data/No_Entry/rgb/13.jpg</path>
	<source>
		<database>Unknown</database>
	</source>
	<size>
		<width>176</width>
		<height>179</height>
		<depth>3</depth>
	</size>
	<segmented>0</segmented>
	<object>
		<name>no_entry</name>
		<pose>Unspecified</pose>
		<truncated>0</truncated>
		<difficult>0</difficult>
		<bndbox>
			<xmin>12</xmin>
			<ymin>12</ymin>
			<xmax>164</xmax>
			<ymax>167</ymax>
		</bndbox>
	</object>
</annotation>
