<annotation>
	<folder>rgb</folder>
	<filename>15.jpg</filename>
	<path>/home/mxy/paddlepaddle/detect/data/No_Entry/rgb/15.jpg</path>
	<source>
		<database>Unknown</database>
	</source>
	<size>
		<width>177</width>
		<height>182</height>
		<depth>3</depth>
	</size>
	<segmented>0</segmented>
	<object>
		<name>no_entry</name>
		<pose>Unspecified</pose>
		<truncated>0</truncated>
		<difficult>0</difficult>
		<bndbox>
			<xmin>14</xmin>
			<ymin>17</ymin>
			<xmax>161</xmax>
			<ymax>167</ymax>
		</bndbox>
	</object>
</annotation>
