<annotation>
	<folder>rgb</folder>
	<filename>16.jpg</filename>
	<path>/home/mxy/paddlepaddle/detect/data/No_Entry/rgb/16.jpg</path>
	<source>
		<database>Unknown</database>
	</source>
	<size>
		<width>145</width>
		<height>154</height>
		<depth>3</depth>
	</size>
	<segmented>0</segmented>
	<object>
		<name>no_entry</name>
		<pose>Unspecified</pose>
		<truncated>0</truncated>
		<difficult>0</difficult>
		<bndbox>
			<xmin>9</xmin>
			<ymin>7</ymin>
			<xmax>132</xmax>
			<ymax>143</ymax>
		</bndbox>
	</object>
</annotation>
