<annotation>
	<folder>rgb</folder>
	<filename>2.jpg</filename>
	<path>/home/mxy/paddlepaddle/detect/data/No_Entry/rgb/2.jpg</path>
	<source>
		<database>Unknown</database>
	</source>
	<size>
		<width>92</width>
		<height>86</height>
		<depth>3</depth>
	</size>
	<segmented>0</segmented>
	<object>
		<name>no_entry</name>
		<pose>Unspecified</pose>
		<truncated>0</truncated>
		<difficult>0</difficult>
		<bndbox>
			<xmin>6</xmin>
			<ymin>5</ymin>
			<xmax>85</xmax>
			<ymax>81</ymax>
		</bndbox>
	</object>
</annotation>
