<annotation>
	<folder>rgb</folder>
	<filename>21.jpg</filename>
	<path>/home/mxy/paddlepaddle/detect/data/No_Entry/rgb/21.jpg</path>
	<source>
		<database>Unknown</database>
	</source>
	<size>
		<width>152</width>
		<height>153</height>
		<depth>3</depth>
	</size>
	<segmented>0</segmented>
	<object>
		<name>no_entry</name>
		<pose>Unspecified</pose>
		<truncated>0</truncated>
		<difficult>0</difficult>
		<bndbox>
			<xmin>12</xmin>
			<ymin>13</ymin>
			<xmax>139</xmax>
			<ymax>142</ymax>
		</bndbox>
	</object>
</annotation>
