<annotation>
	<folder>rgb</folder>
	<filename>22.jpg</filename>
	<path>/home/mxy/paddlepaddle/detect/data/No_Entry/rgb/22.jpg</path>
	<source>
		<database>Unknown</database>
	</source>
	<size>
		<width>50</width>
		<height>74</height>
		<depth>3</depth>
	</size>
	<segmented>0</segmented>
	<object>
		<name>no_entry</name>
		<pose>Unspecified</pose>
		<truncated>0</truncated>
		<difficult>0</difficult>
		<bndbox>
			<xmin>3</xmin>
			<ymin>6</ymin>
			<xmax>46</xmax>
			<ymax>69</ymax>
		</bndbox>
	</object>
</annotation>
