<annotation>
	<folder>rgb</folder>
	<filename>24.jpg</filename>
	<path>/home/mxy/paddlepaddle/detect/data/No_Entry/rgb/24.jpg</path>
	<source>
		<database>Unknown</database>
	</source>
	<size>
		<width>39</width>
		<height>57</height>
		<depth>3</depth>
	</size>
	<segmented>0</segmented>
	<object>
		<name>no_entry</name>
		<pose>Unspecified</pose>
		<truncated>0</truncated>
		<difficult>0</difficult>
		<bndbox>
			<xmin>3</xmin>
			<ymin>4</ymin>
			<xmax>34</xmax>
			<ymax>52</ymax>
		</bndbox>
	</object>
</annotation>
