<annotation>
	<folder>rgb</folder>
	<filename>26.jpg</filename>
	<path>/home/mxy/paddlepaddle/detect/data/No_Entry/rgb/26.jpg</path>
	<source>
		<database>Unknown</database>
	</source>
	<size>
		<width>226</width>
		<height>212</height>
		<depth>3</depth>
	</size>
	<segmented>0</segmented>
	<object>
		<name>no_entry</name>
		<pose>Unspecified</pose>
		<truncated>0</truncated>
		<difficult>0</difficult>
		<bndbox>
			<xmin>13</xmin>
			<ymin>13</ymin>
			<xmax>216</xmax>
			<ymax>197</ymax>
		</bndbox>
	</object>
</annotation>
