<annotation>
	<folder>rgb</folder>
	<filename>28.jpg</filename>
	<path>/home/mxy/paddlepaddle/detect/data/No_Entry/rgb/28.jpg</path>
	<source>
		<database>Unknown</database>
	</source>
	<size>
		<width>63</width>
		<height>63</height>
		<depth>3</depth>
	</size>
	<segmented>0</segmented>
	<object>
		<name>no_entry</name>
		<pose>Unspecified</pose>
		<truncated>0</truncated>
		<difficult>0</difficult>
		<bndbox>
			<xmin>5</xmin>
			<ymin>4</ymin>
			<xmax>57</xmax>
			<ymax>58</ymax>
		</bndbox>
	</object>
</annotation>
