<annotation>
	<folder>rgb</folder>
	<filename>30.jpg</filename>
	<path>/home/mxy/paddlepaddle/detect/data/No_Entry/rgb/30.jpg</path>
	<source>
		<database>Unknown</database>
	</source>
	<size>
		<width>105</width>
		<height>111</height>
		<depth>3</depth>
	</size>
	<segmented>0</segmented>
	<object>
		<name>no_entry</name>
		<pose>Unspecified</pose>
		<truncated>0</truncated>
		<difficult>0</difficult>
		<bndbox>
			<xmin>5</xmin>
			<ymin>5</ymin>
			<xmax>100</xmax>
			<ymax>104</ymax>
		</bndbox>
	</object>
</annotation>
