<annotation>
	<folder>rgb</folder>
	<filename>32.jpg</filename>
	<path>/home/mxy/paddlepaddle/detect/data/No_Entry/rgb/32.jpg</path>
	<source>
		<database>Unknown</database>
	</source>
	<size>
		<width>242</width>
		<height>254</height>
		<depth>3</depth>
	</size>
	<segmented>0</segmented>
	<object>
		<name>no_entry</name>
		<pose>Unspecified</pose>
		<truncated>0</truncated>
		<difficult>0</difficult>
		<bndbox>
			<xmin>11</xmin>
			<ymin>16</ymin>
			<xmax>224</xmax>
			<ymax>239</ymax>
		</bndbox>
	</object>
</annotation>
