<annotation>
	<folder>rgb</folder>
	<filename>35.jpg</filename>
	<path>/home/mxy/paddlepaddle/detect/data/No_Entry/rgb/35.jpg</path>
	<source>
		<database>Unknown</database>
	</source>
	<size>
		<width>76</width>
		<height>76</height>
		<depth>3</depth>
	</size>
	<segmented>0</segmented>
	<object>
		<name>no_entry</name>
		<pose>Unspecified</pose>
		<truncated>0</truncated>
		<difficult>0</difficult>
		<bndbox>
			<xmin>5</xmin>
			<ymin>3</ymin>
			<xmax>69</xmax>
			<ymax>71</ymax>
		</bndbox>
	</object>
</annotation>
