<annotation>
	<folder>rgb</folder>
	<filename>37.jpg</filename>
	<path>/home/mxy/paddlepaddle/detect/data/No_Entry/rgb/37.jpg</path>
	<source>
		<database>Unknown</database>
	</source>
	<size>
		<width>164</width>
		<height>133</height>
		<depth>3</depth>
	</size>
	<segmented>0</segmented>
	<object>
		<name>no_entry</name>
		<pose>Unspecified</pose>
		<truncated>0</truncated>
		<difficult>0</difficult>
		<bndbox>
			<xmin>13</xmin>
			<ymin>12</ymin>
			<xmax>153</xmax>
			<ymax>120</ymax>
		</bndbox>
	</object>
</annotation>
