<annotation>
	<folder>rgb</folder>
	<filename>5.jpg</filename>
	<path>/home/mxy/paddlepaddle/detect/data/No_Entry/rgb/5.jpg</path>
	<source>
		<database>Unknown</database>
	</source>
	<size>
		<width>155</width>
		<height>156</height>
		<depth>3</depth>
	</size>
	<segmented>0</segmented>
	<object>
		<name>no_entry</name>
		<pose>Unspecified</pose>
		<truncated>0</truncated>
		<difficult>0</difficult>
		<bndbox>
			<xmin>9</xmin>
			<ymin>9</ymin>
			<xmax>147</xmax>
			<ymax>147</ymax>
		</bndbox>
	</object>
</annotation>
