<annotation>
	<folder>rgb</folder>
	<filename>8.jpg</filename>
	<path>/home/mxy/paddlepaddle/detect/data/No_Entry/rgb/8.jpg</path>
	<source>
		<database>Unknown</database>
	</source>
	<size>
		<width>159</width>
		<height>160</height>
		<depth>3</depth>
	</size>
	<segmented>0</segmented>
	<object>
		<name>no_entry</name>
		<pose>Unspecified</pose>
		<truncated>0</truncated>
		<difficult>0</difficult>
		<bndbox>
			<xmin>7</xmin>
			<ymin>9</ymin>
			<xmax>149</xmax>
			<ymax>150</ymax>
		</bndbox>
	</object>
</annotation>
